voltage,
332,
331,
320,
323,
335,
329,
319,
325,
336,
329,
321,
330,
336,
327,
321,
332,
336,
326,
322,
335,
341,
331,
318,
318,
320,
321,
322,
321,
321,
319,
316,
313,
310,
307,
304,
303,
302,
303,
306,
320,
318,
309,
312,
322,
319,
326,
357,
375,
355,
340,
311,
249,
206,
225,
282,
311,
309,
311,
329,
336,
324,
325,
336,
334,
323,
326,
337,
336,
327,
333,
341,
335,
329,
338,
347,
339,
331,
341,
347,
338,
337,
351,
353,
341,
344,
359,
358,
348,
354,
366,
363,
354,
360,
366,
357,
349,
354,
358,
347,
339,
343,
340,
324,
317,
323,
324,
311,
306,
315,
315,
308,
308,
312,
307,
303,
308,
316,
309,
298,
307,
318,
312,
304,
313,
320,
309,
304,
315,
320,
309,
307,
318,
319,
309,
309,
318,
316,
307,
312,
320,
313,
305,
314,
322,
312,
304,
313,
320,
310,
306,
317,
318,
306,
305,
317,
321,
309,
309,
321,
320,
309,
313,
323,
317,
308,
315,
323,
316,
307,
315,
322,
314,
311,
320,
321,
310,
312,
327,
327,
313,
312,
325,
330,
319,
319,
333,
331,
319,
323,
328,
317,
307,
316,
324,
314,
309,
320,
324,
317,
327,
357,
371,
352,
348,
323,
252,
202,
217,
271,
301,
308,
322,
336,
331,
324,
335,
342,
330,
324,
335,
342,
333,
333,
346,
344,
331,
332,
344,
344,
333,
336,
350,
346,
335,
340,
351,
347,
340,
349,
358,
352,
348,
360,
366,
356,
353,
362,
364,
353,
349,
358,
356,
339,
332,
337,
330,
314,
313,
320,
312,
300,
306,
313,
305,
295,
305,
311,
303,
296,
305,
311,
299,
300,
311,
309,
298,
301,
314,
314,
303,
305,
315,
312,
303,
311,
322,
313,
305,
314,
320,
310,
305,
318,
322,
313,
308,
317,
319,
306,
305,
318,
318,
308,
312,
322,
318,
308,
314,
325,
318,
308,
317,
323,
313,
307,
317,
323,
316,
317,
327,
326,
314,
312,
326,
328,
319,
324,
337,
333,
320,
320,
326,
316,
307,
315,
323,
316,
311,
320,
326,
322,
333,
366,
375,
349,
338,
305,
239,
201,
228,
283,
310,
312,
323,
340,
337,
326,
335,
344,
340,
333,
339,
345,
335,
331,
344,
351,
341,
337,
347,
349,
338,
342,
355,
355,
344,
345,
355,
353,
347,
357,
366,
358,
352,
364,
373,
365,
358,
366,
370,
359,
356,
364,
361,
343,
337,
343,
334,
317,
317,
325,
316,
304,
309,
316,
307,
299,
306,
314,
304,
297,
307,
313,
302,
298,
310,
314,
304,
302,
313,
314,
304,
306,
317,
312,
302,
309,
320,
314,
306,
315,
321,
313,
306,
313,
319,
310,
307,
318,
320,
308,
306,
318,
319,
308,
309,
320,
317,
307,
311,
321,
317,
307,
315,
325,
314,
302,
312,
320,
313,
311,
324,
326,
313,
312,
323,
326,
316,
318,
332,
333,
323,
328,
336,
324,
306,
312,
322,
315,
309,
320,
326,
315,
311,
336,
362,
363,
349,
353,
336,
263,
222,
240,
278,
295,
314,
331,
331,
321,
329,
340,
330,
323,
335,
340,
330,
326,
338,
345,
335,
332,
345,
345,
332,
335,
349,
346,
335,
340,
354,
351,
341,
348,
358,
357,
351,
357,
364,
358,
354,
365,
368,
358,
355,
365,
365,
351,
346,
352,
348,
333,
332,
341,
336,
322,
324,
333,
328,
320,
325,
330,
322,
316,
325,
331,
323,
317,
326,
329,
320,
320,
333,
334,
320,
320,
331,
330,
323,
327,
334,
326,
318,
327,
337,
329,
320,
329,
336,
326,
319,
328,
333,
323,
321,
331,
330,
318,
318,
331,
328,
314,
317,
329,
326,
317,
325,
335,
326,
316,
324,
331,
320,
313,
326,
331,
318,
317,
327,
330,
319,
318,
327,
327,
318,
324,
337,
332,
318,
320,
332,
330,
327,
336,
340,
327,
317,
324,
326,
315,
313,
325,
328,
318,
319,
330,
339,
348,
364,
367,
355,
332,
275,
233,
223,
258,
303,
328,
323,
319,
333,
340,
333,
326,
335,
338,
329,
331,
344,
342,
331,
332,
342,
340,
331,
339,
349,
344,
336,
344,
351,
342,
336,
347,
354,
346,
343,
355,
362,
353,
351,
363,
365,
355,
357,
369,
365,
351,
351,
356,
345,
330,
333,
336,
322,
313,
318,
320,
307,
302,
311,
317,
306,
301,
311,
313,
302,
304,
316,
312,
301,
305,
316,
313,
305,
310,
318,
313,
305,
315,
324,
313,
305,
315,
320,
312,
311,
322,
323,
310,
309,
320,
321,
312,
313,
324,
320,
309,
314,
323,
317,
309,
318,
328,
317,
306,
313,
320,
312,
311,
322,
324,
312,
312,
323,
324,
313,
315,
327,
323,
311,
314,
325,
321,
312,
320,
326,
317,
312,
322,
328,
318,
313,
323,
324,
314,
313,
325,
327,
318,
319,
326,
322,
313,
317,
328,
326,
316,
321,
331,
326,
319,
324,
331,
324,
320,
334,
341,
330,
326,
332,
327,
315,
320,
330,
323,
310,
316,
330,
324,
320,
341,
369,
367,
351,
352,
308,
237,
209,
247,
294,
310,
314,
327,
331,
323,
326,
339,
340,
332,
332,
339,
335,
327,
336,
346,
340,
333,
342,
350,
339,
333,
345,
351,
343,
341,
350,
352,
343,
344,
356,
359,
349,
351,
362,
361,
353,
360,
371,
365,
354,
358,
364,
352,
344,
352,
349,
329,
320,
329,
330,
315,
308,
313,
314,
305,
303,
311,
307,
294,
298,
308,
303,
294,
304,
315,
306,
298,
307,
314,
310,
305,
309,
311,
303,
305,
314,
313,
302,
302,
313,
311,
301,
308,
319,
312,
302,
309,
319,
310,
302,
310,
315,
306,
304,
314,
313,
299,
299,
313,
314,
302,
304,
315,
313,
303,
307,
317,
312,
302,
308,
317,
310,
303,
311,
318,
309,
304,
314,
318,
308,
306,
321,
322,
310,
308,
318,
312,
300,
307,
321,
318,
308,
315,
325,
318,
313,
321,
327,
322,
317,
327,
329,
314,
306,
318,
323,
311,
305,
317,
322,
313,
315,
334,
352,
354,
352,
357,
320,
246,
217,
236,
268,
292,
318,
331,
327,
329,
339,
337,
326,
328,
343,
346,
335,
333,
345,
344,
335,
344,
352,
342,
333,
342,
353,
349,
342,
348,
354,
347,
346,
357,
360,
350,
351,
364,
367,
358,
357,
367,
368,
359,
359,
368,
362,
352,
355,
357,
342,
329,
332,
334,
324,
315,
321,
323,
311,
309,
317,
317,
306,
306,
318,
315,
304,
307,
316,
314,
307,
314,
322,
315,
306,
314,
322,
315,
308,
316,
321,
313,
311,
323,
0,